Model,Accuracy,F1 Score
Random Forest,0.9583333333333334,0.9574074074074074
Decision Tree,0.9166666666666666,0.9166666666666667
Logistic Regression,0.9583333333333334,0.9574074074074074
